CREATE SCHEMA EST_CASO_III;
drop schema EST_CASO_III;
USE EST_CASO_III;

###########################################
-- ABAIXO FICARÁ OS INSERTS DAS TABELAS ---
###########################################

-- TABELA ENDERECOS
CREATE TABLE IF NOT EXISTS ENDERECOS (
	END_COD INT PRIMARY KEY,
    END_LOGRADOURO VARCHAR(100) NOT NULL,
    END_NUM VARCHAR(45),
    END_BAIRRO VARCHAR(45) NOT NULL,
    END_CIDADE VARCHAR(45) NOT NULL,
    END_UF CHAR(2) NOT NULL,
    END_CEP VARCHAR(20) NOT NULL,
    -- Chave estrangeira vinda da tabela TIPO_ENDERECO
    TIPO_END_COD INT NOT NULL,
    CONSTRAINT FK_TIPO_ENDERECOS FOREIGN KEY(TIPO_END_COD) REFERENCES TIPO_ENDERECO(TIPO_END_COD)
);

-- INSERT ENDERECO
INSERT INTO ENDERECOS (END_COD, END_LOGRADOURO, END_NUM, END_BAIRRO, END_CIDADE, END_UF, END_CEP, TIPO_END_COD)
VALUES 
(101, 'Rua das Flores', '123', 'Centro', 'São Paulo', 'SP', '01000-000', 1),
(102, 'Avenida Brasil', '456', 'Zona Sul', 'Rio de Janeiro', 'RJ', '20000-000', 2),
(103, 'Alameda Santos', '789', 'Bela Vista', 'São Paulo', 'SP', '01310-100', 3),
(104, 'Estrada do Campo', 'S/N', 'Rural', 'Curitiba', 'PR', '80000-000', 4),
(105, 'Travessa das Oliveiras', '55', 'Jardim Botânico', 'Porto Alegre', 'RS', '90000-100', 1);


-- TABELA TIPO_ENDERECO
CREATE TABLE IF NOT EXISTS TIPO_ENDERECO (
	TIPO_END_COD INT PRIMARY KEY,
    TIPO_END_CATEGORIA VARCHAR(45)
);

-- INSERTS TIPO_ENDERECO
INSERT INTO TIPO_ENDERECO (TIPO_END_COD, TIPO_END_CATEGORIA) 
VALUES 
(1, 'Residencial'),
(2, 'Comercial'),
(3, 'Industrial'),
(4, 'Rural'),
(5, 'Outros');

-- TABELA EMPRESAS
CREATE TABLE IF NOT EXISTS EMPRESAS (
	EMPRE_COD INT PRIMARY KEY,
    EMPRE_CNPJ VARCHAR(45) NOT NULL,
    EMPRE_RAZAOSOCIAL VARCHAR(100) NOT NULL,
    EMPRE_PCONTATO VARCHAR(45) NOT NULL,
    -- Chave estrangeira vinda da tabela ENDERECOS
    EMPRE_END_COD INT NOT NULL UNIQUE,
    CONSTRAINT FK_ENDERECOS FOREIGN KEY(EMPRE_END_COD) REFERENCES ENDERECOS(END_COD)
);

-- INSERTS EMPRESAS
INSERT INTO EMPRESAS (EMPRE_COD, EMPRE_CNPJ, EMPRE_RAZAOSOCIAL, EMPRE_PCONTATO, EMPRE_END_COD)
VALUES
(1, '12.345.678/0001-01', 'Empresa Alpha Ltda', 'João Silva', 101),
(2, '23.456.789/0001-02', 'Beta Comércio S.A.', 'Maria Oliveira', 102),
(3, '34.567.890/0001-03', 'Gamma Indústria e Comércio', 'Carlos Mendes', 103),
(4, '45.678.901/0001-04', 'Delta Consultoria', 'Ana Clara', 104),
(5, '56.789.012/0001-05', 'Epsilon Logística', 'Lucas Pereira', 105);

-- TABELA EMPRE_TEL
CREATE TABLE IF NOT EXISTS EMPRE_TEL (
	EMPRE_COD INT PRIMARY KEY,
    EMPRE_TEL_TELEFONE VARCHAR(45) NOT NULL,
    -- Chave estrangeira que também é PK vinda da tabela EMPRESAS
    CONSTRAINT FK_EMPRESAS FOREIGN KEY(EMPRE_COD) REFERENCES EMPRESAS(EMPRE_COD) 
);

-- INSERTS EMPRE_TEL
INSERT INTO EMPRE_TEL (EMPRE_COD, EMPRE_TEL_TELEFONE)
VALUES
(1, '(11) 91234-5678'),
(2, '(21) 99876-5432'),
(3, '(31) 98765-4321'),
(4, '(41) 97654-3210'),
(5, '(51) 96543-2109');

-- TABELA CLIENTES
CREATE TABLE IF NOT EXISTS CLIENTES (
	CLI_COD INT PRIMARY KEY,
    CLI_CNPJ VARCHAR(45) NOT NULL,
    CLI_RAZAOSOCIAL VARCHAR(45) NOT NULL,
    CLI_RAMOATIV VARCHAR(45) NOT NULL,
    CLI_PCONTATO VARCHAR(45) NOT NULL,
    CLI_DATACADAS VARCHAR(45) NOT NULL
);

-- INSERTS CLIENTES
INSERT INTO CLIENTES (CLI_COD, CLI_CNPJ, CLI_RAZAOSOCIAL, CLI_RAMOATIV, CLI_PCONTATO, CLI_DATACADAS)
VALUES
(1, '98.765.432/0001-01', 'Cliente Alpha', 'Tecnologia', 'Roberto Souza', '2024-11-10'),
(2, '87.654.321/0001-02', 'Cliente Beta', 'Saúde', 'Mariana Lima', '2024-11-11'),
(3, '76.543.210/0001-03', 'Cliente Gamma', 'Educação', 'Fernando Silva', '2024-11-12'),
(4, '65.432.109/0001-04', 'Cliente Delta', 'Varejo', 'Camila Oliveira', '2024-11-13'),
(5, '54.321.098/0001-05', 'Cliente Epsilon', 'Logística', 'Gustavo Mendes', '2024-11-14');


-- TABELA CLI_TEL
CREATE TABLE IF NOT EXISTS CLI_TEL (
	CLI_COD INT PRIMARY KEY,
    CLI_TEL_TELEFONE VARCHAR(45) NOT NULL,
    -- Chave estrangeira que também é PK vinda da tabela CLIENTES
    CONSTRAINT FK_CLIENTES FOREIGN KEY(CLI_COD) REFERENCES CLIENTES(CLI_COD) 
);

-- INSERTS CLI_TEL
INSERT INTO CLI_TEL (CLI_COD, CLI_TEL_TELEFONE)
VALUES
(1, '(11) 98765-4321'),
(2, '(21) 96543-2109'),
(3, '(31) 91234-5678'),
(4, '(41) 99876-5432'),
(5, '(51) 97654-3210');


-- TABELA CLIENTES_ENDERECOS
CREATE TABLE IF NOT EXISTS CLIENTES_ENDERECOS (
	CLI_COD INT NOT NULL,
    CLI_END_COD INT NOT NULL,
	PRIMARY KEY(CLI_COD, CLI_END_COD),
    -- Chaves PK e FK
    CONSTRAINT CLEN_FK_CLIENTES FOREIGN KEY(CLI_COD) REFERENCES CLIENTES(CLI_COD),
    CONSTRAINT CLEN_FK_ENDERECOS FOREIGN KEY(CLI_END_COD) REFERENCES ENDERECOS(END_COD)
);

-- TABELA CLIENTES_ENDERECOS
INSERT INTO CLIENTES_ENDERECOS (CLI_COD, CLI_END_COD)
VALUES
(1, 101),
(2, 102),
(3, 103),
(4, 104),
(5, 105);

-- Tabela CARGOS
CREATE TABLE IF NOT EXISTS CARGOS (
	CARGOS_COD INT PRIMARY KEY,
    CARGO_NOME VARCHAR(50) NOT NULL,
    CARGO_SALARIO DECIMAL(10,2) NOT NULL
);

-- INSERT CARGOS
INSERT INTO CARGOS (CARGOS_COD, CARGO_NOME, CARGO_SALARIO) 
VALUES
(1, 'Analista de Sistemas', 5000.00),
(2, 'Engenheiro de Software', 7500.00),
(3, 'Gerente de Projetos', 10000.00),
(4, 'Suporte Técnico', 3000.00),
(5, 'Designer UI/UX', 5500.00);


-- Tabela FUNCIONARIOS
CREATE TABLE IF NOT EXISTS FUNCIONARIOS (
	FUNC_MATRICULA INT PRIMARY KEY,
    FUNC_NOME VARCHAR(50) NOT NULL,
    FUNC_DATAADMISSAO DATE NOT NULL,
    -- Chave estrangeira vinda da tabela CARGO
    FUNC_CARGO_COD INT NOT NULL,
    -- Chave estangeira vinda da tabela ENDERECOS
    FUNC_END_COD INT NOT NULL,
    CONSTRAINT FUNC_FK_CARGO FOREIGN KEY(FUNC_CARGO_COD) REFERENCES CARGOS(CARGOS_COD),
    CONSTRAINT FUNC_FK_ENDERECOS FOREIGN KEY(FUNC_END_COD) REFERENCES ENDERECOS(END_COD)
);

-- INSERT FUNCIONARIOS
INSERT INTO FUNCIONARIOS (FUNC_MATRICULA, FUNC_NOME, FUNC_DATAADMISSAO, FUNC_CARGO_COD, FUNC_END_COD)
VALUES
(1001, 'João Souza', '2022-03-01', 1, 101),
(1002, 'Maria Clara', '2021-07-15', 2, 102),
(1003, 'Carlos Alberto', '2020-10-25', 3, 103),
(1004, 'Ana Paula', '2019-05-05', 4, 104),
(1005, 'Lucas Mendes', '2023-01-10', 5, 105);


-- Tabela QUALIFICACOES
CREATE TABLE IF NOT EXISTS QUALIFICACOES (
	FUNC_MATRICULA INT PRIMARY KEY,
    QUALIFICACAO_FUNC TEXT,
    CONSTRAINT QUALIFICACOES_FK_FUNC FOREIGN KEY(FUNC_MATRICULA) REFERENCES FUNCIONARIOS(FUNC_MATRICULA)
);

-- Tabela QUALIFICACOES
INSERT INTO QUALIFICACOES (FUNC_MATRICULA, QUALIFICACAO_FUNC)
VALUES
(1001, 'Certificação em Java'),
(1002, 'Certificação em Python'),
(1003, 'PMP - Project Management Professional'),
(1004, 'Certificação em Redes'),
(1005, 'Especialização em Design Gráfico');

-- TABELA FUNC_TEL
CREATE TABLE IF NOT EXISTS FUNC_TEL (
	FUNC_MATRICULA INT PRIMARY KEY,
    FUNC_TEL VARCHAR(15) NOT NULL,
    -- Chave estangeira vinda da tabela FUNCIONARIOS
    CONSTRAINT FUNC_TEL_FK_FUNCIONARIOS FOREIGN KEY(FUNC_MATRICULA) REFERENCES FUNCIONARIOS(FUNC_MATRICULA)
);

-- INSERT FUNC_TEL
INSERT INTO FUNC_TEL (FUNC_MATRICULA, FUNC_TEL) VALUES
(1001, '123456789'),
(1002, '987654321'),
(1003, '555123456'),
(1004, '321654987'),
(1005, '987123654');

-- TABELA ENCOMENDAS
CREATE TABLE IF NOT EXISTS ENCOMENDAS (
	ENCOM_COD INT PRIMARY KEY,
    ENCOM_DATAINCLU DATE NOT NULL,
    CLI_COD INT NOT NULL,
    -- Chave estangeira vinda da tabela CLIENTES
    CONSTRAINT ENCOM_FK_CLIENTES FOREIGN KEY(CLI_COD) REFERENCES CLIENTES(CLI_COD)
);

-- INSERT ENCOMENDAS
INSERT INTO ENCOMENDAS (ENCOM_COD, ENCOM_DATAINCLU, CLI_COD) VALUES
(1, '2024-10-01', 1),
(2, '2024-10-02', 2),
(3, '2024-10-03', 3),
(4, '2024-10-04', 4),
(5, '2024-10-05', 5);

-- TABELA PAGAMENTOS
CREATE TABLE IF NOT EXISTS PAGAMENTOS (
	PAG_ID INT PRIMARY KEY,
    PAG_VALORTOTAL DECIMAL(10, 3),
    PAG_VALORDESC DECIMAL(10, 3),
    PAG_VALORLIQ DECIMAL(10, 3),
    PAG_FORMAPAGAMENTO VARCHAR(45) NOT NULL,
    PAG_QTDPARCELAS VARCHAR(45),
    ENCOM_COD INT NOT NULL,
    -- Chave estangeira vinda da tabela ENCOMENDAS
    CONSTRAINT PAG_FK_ENCOMENDAS FOREIGN KEY(ENCOM_COD) REFERENCES ENCOMENDAS(ENCOM_COD)    
);

-- INSERT PAGAMENTOS
INSERT INTO PAGAMENTOS (PAG_ID, PAG_VALORTOTAL, PAG_VALORDESC, PAG_VALORLIQ, PAG_FORMAPAGAMENTO, PAG_QTDPARCELAS, ENCOM_COD) VALUES
(1, 100.00, 10.00, 90.00, 'Cartão de Crédito', '3', 1),
(2, 200.00, 20.00, 180.00, 'Boleto', '1', 2),
(3, 150.00, 15.00, 135.00, 'Dinheiro', '2', 3),
(4, 50.00, 5.00, 45.00, 'Cartão de Débito', '1', 4),
(5, 300.00, 30.00, 270.00, 'Pix', '1', 5);

-- TABELA PRODUTOS
CREATE TABLE IF NOT EXISTS PRODUTOS (
    PROD_COD INT PRIMARY KEY,
    PROD_NOME VARCHAR(100) NOT NULL,
    PROD_COR VARCHAR(45)  NOT NULL,
    PROD_PESO DECIMAL(10, 2) NOT NULL,
    PROD_PRECOUND DECIMAL(10, 2) NOT NULL,
    PROD_TEMPOFABRI TIME NOT NULL,
    PROD_DESENHOPROD VARCHAR(255) NOT NULL,
    PROD_HRMAOOBRA DECIMAL(10, 2) NOT NULL,
    PROD_ALTURA DECIMAL(10,3) NOT NULL,
    PROD_LARGURA DECIMAL(10,3) NOT NULL,
    PROD_COMPRIMENTO DECIMAL(10,3) NOT NULL
);

-- INSERT PRODUTOS
INSERT INTO PRODUTOS (PROD_COD, PROD_NOME, PROD_COR, PROD_PESO, PROD_PRECOUND, PROD_TEMPOFABRI, PROD_DESENHOPROD, PROD_HRMAOOBRA, PROD_ALTURA, PROD_LARGURA, PROD_COMPRIMENTO) VALUES
(1, 'Produto A', 'Vermelho', 1.5, 50.00, '01:30:00', 'Design A', 20.00, 10.5, 15.5, 25.0),
(2, 'Produto B', 'Azul', 2.0, 100.00, '02:00:00', 'Design B', 25.00, 12.0, 18.0, 28.0),
(3, 'Produto C', 'Verde', 1.2, 80.00, '01:45:00', 'Design C', 18.00, 9.5, 14.0, 22.0),
(4, 'Produto D', 'Amarelo', 3.0, 120.00, '03:00:00', 'Design D', 30.00, 14.0, 19.0, 30.0),
(5, 'Produto E', 'Preto', 1.8, 60.00, '02:30:00', 'Design E', 22.00, 10.0, 16.0, 26.0);

-- TABELA FORNECEDORES
CREATE TABLE IF NOT EXISTS FORNECEDORES (
	FORN_COD INT PRIMARY KEY,
    FORN_CNPJ VARCHAR(45) NOT NULL,
    FORN_RAZAOSOCIAL VARCHAR(45) NOT NULL,
    FORN_PCONTATO VARCHAR(45) NOT NULL,
    FORN_END_COD INT NOT NULL,
    -- Chave estangeira vinda da tabela ENDERECOS
    CONSTRAINT FORN_FK_ENDERECOS FOREIGN KEY(FORN_END_COD) REFERENCES ENDERECOS(END_COD)
);

-- INSERT FORNECEDORES
INSERT INTO FORNECEDORES (FORN_COD, FORN_CNPJ, FORN_RAZAOSOCIAL, FORN_PCONTATO, FORN_END_COD) VALUES
(1, '12.345.678/0001-99', 'Fornecedor A Ltda', 'Carlos Silva', 101),
(2, '98.765.432/0001-88', 'Fornecedor B S.A.', 'Maria Oliveira', 102),
(3, '11.223.344/0001-77', 'Fornecedor C Comércio', 'João Souza', 103),
(4, '55.667.788/0001-66', 'Fornecedor D Comércio Ltda', 'Ana Lima', 104),
(5, '66.778.899/0001-55', 'Fornecedor E Indústria', 'Pedro Costa', 105);

-- TABELA TIPO_COMPONENTE
CREATE TABLE IF NOT EXISTS TIPO_COMPONENTE (
	TIPO_COMP_COD INT PRIMARY KEY,
    TIPO_COMP_NOME VARCHAR(45) NOT NULL
);

-- INSERT TIPO_COMPONENTE
INSERT INTO TIPO_COMPONENTE (TIPO_COMP_COD, TIPO_COMP_NOME) VALUES
(1, 'Resistor'),
(2, 'Capacitor'),
(3, 'Indutor'),
(4, 'Transistor'),
(5, 'Diodo');

-- TABELA COMPONENTES
CREATE TABLE IF NOT EXISTS COMPONENTES (
	COMP_COD INT PRIMARY KEY,
    COMP_NOME VARCHAR(45) NOT NULL,
    COMP_QTDESTOQUE INT NOT NULL,
    COMP_PRECOUND DECIMAL(10,2) NOT NULL,
    COMP_UNIDADE INT,
    TIPO_COMP_COD INT NOT NULL,
    -- Chave estrangeira vinda de TIPO_COMPONENTE
    CONSTRAINT COMP_FK_TIPO_COMP FOREIGN KEY(TIPO_COMP_COD) REFERENCES TIPO_COMPONENTE(TIPO_COMP_COD)
);

-- INSERT COMPONENTES
INSERT INTO COMPONENTES (COMP_COD, COMP_NOME, COMP_QTDESTOQUE, COMP_PRECOUND, COMP_UNIDADE, TIPO_COMP_COD) VALUES
(1, 'Resistor 100Ω', 500, 0.50, 100, 1),
(2, 'Capacitor 10µF', 300, 2.00, 50, 2),
(3, 'Indutor 5mH', 200, 1.80, 100, 3),
(4, 'Transistor NPN', 1000, 3.50, 10, 4),
(5, 'Diodo 1N4007', 600, 0.75, 200, 5);

-- TABELA RS
CREATE TABLE IF NOT EXISTS RS (
	COMPONENTES_COMP_COD INT PRIMARY KEY,
    RS_QUANTIDADE INT NOT NULL,
    RS_DATANESC DATE NOT NULL,
    -- Chave estangeira vinda da tabela COMPONENTES
    CONSTRAINT RS_FK_COMPONENTES FOREIGN KEY(COMPONENTES_COMP_COD) REFERENCES COMPONENTES(COMP_COD)
);

-- INSERT RS
INSERT INTO RS (COMPONENTES_COMP_COD, RS_QUANTIDADE, RS_DATANESC) VALUES 
(1, 100, '2020-05-14'),
(2, 150, '2021-03-22'),
(3, 200, '2019-08-10'),
(4, 120, '2022-01-30'),
(5, 90, '2023-07-18');

-- TABELA FORNECEDORES_COMPONENETES
CREATE TABLE IF NOT EXISTS FORNECEDORES_COMPONENETES (
	COMP_COD INT,
    FORN_COD INT,
    PRIMARY KEY(COMP_COD, FORN_COD),
    -- Chave estangeira vinda da tabela FORNECEDORES
    CONSTRAINT FOCO_FK_FORNECEDORES FOREIGN KEY(FORN_COD) REFERENCES FORNECEDORES(FORN_COD),
    -- Chave estangeira vinda da tabela COMPONENTES
    CONSTRAINT FOCO_FK_COMPONENTES FOREIGN KEY(COMP_COD) REFERENCES COMPONENTES(COMP_COD)
);


-- INSERT FORNECEDORES_COMPONENTES
INSERT INTO FORNECEDORES_COMPONENETES (COMP_COD, FORN_COD) VALUES 
(1, 1),
(2, 2),
(3, 3),
(4, 4),
(5, 5);


-- TABELA MAQUINAS
CREATE TABLE IF NOT EXISTS MAQUINAS (
	MAQ_ID INT PRIMARY KEY,
	MAQ_TEMPOVIDA TIME NOT NULL,
    MAQ_DATACOMPRA DATE NOT NULL,
    MAQ_FIMGARANTIA DATE NOT NULL
);

-- INSERT MAQUINAS
INSERT INTO MAQUINAS (MAQ_ID, MAQ_TEMPOVIDA, MAQ_DATACOMPRA, MAQ_FIMGARANTIA) VALUES 
(101, '10:00:00', '2020-04-12', '2025-04-12'),
(102, '12:30:00', '2018-06-15', '2023-06-15'),
(103, '08:45:00', '2021-11-10', '2026-11-10'),
(104, '14:15:00', '2019-09-05', '2024-09-05'),
(105, '07:20:00', '2022-03-01', '2027-03-01');

-- TABELA RM
CREATE TABLE IF NOT EXISTS RM (
	RM_DATA DATE PRIMARY KEY,
    RM_DESCRICAO TEXT NOT NULL,
    MAQ_ID INT NOT NULL,
    -- Chave estangeira vinda da tabela MAQUINAS
    CONSTRAINT FK_MAQUINAS FOREIGN KEY(MAQ_ID) REFERENCES MAQUINAS(MAQ_ID)
 );
 
 -- INSERT RM
INSERT INTO RM (RM_DATA, RM_DESCRICAO, MAQ_ID) VALUES
('2024-01-15', 'Manutenção preventiva do motor', 101),
('2024-02-20', 'Substituição de peças', 102),
('2024-03-10', 'Lubrificação geral', 103),
('2024-04-05', 'Troca de correia de transmissão', 104),
('2024-05-18', 'Revisão completa do sistema elétrico', 101);

-- TABELA RE
CREATE TABLE IF NOT EXISTS RE (
	RE_COD INT PRIMARY KEY,
    PROD_COD INT NOT NULL,
    FUNC_COD INT NOT NULL,
    MAQ_ID INT NOT NULL,
    COMP_COD INT NOT NULL,
    RE_QTDCOMP INT NOT NULL,
    RE_UNDMEDIDA VARCHAR(45) NOT NULL,
    RE_TEMPOUSOMAQUINA VARCHAR(45) NOT NULL,
    RE_HRMAOOBRA VARCHAR(45),
    -- Chave estangeira vinda da tabela PRODUTOS
    CONSTRAINT RE_FK_PRODUTOS FOREIGN KEY(PROD_COD) REFERENCES PRODUTOS(PROD_COD),
    -- Chave estangeira vinda da tabela FUNCIONARIOS
    CONSTRAINT RE_FK_FUNCIONARIOS FOREIGN KEY(FUNC_COD) REFERENCES FUNCIONARIOS(FUNC_MATRICULA),
    -- Chave estangeira vinda da tabela MAQUINAS
    CONSTRAINT RE_FK_MAQUINAS FOREIGN KEY(MAQ_ID) REFERENCES MAQUINAS(MAQ_ID),
    -- Chave estangeira vinda da tabela COMPONENTES
    CONSTRAINT RE_FK_COMPONENTES FOREIGN KEY(COMP_COD) REFERENCES COMPONENTES(COMP_COD)
 );
 
 -- INSERT RE
INSERT INTO RE (RE_COD, PROD_COD, FUNC_COD, MAQ_ID, COMP_COD, RE_QTDCOMP, RE_UNDMEDIDA, RE_TEMPOUSOMAQUINA, RE_HRMAOOBRA) VALUES
(201, 1, 1001, 101, 1, 50, 'unidade', '02:00', '03:00'),
(202, 2, 1002, 102, 2, 30, 'kg', '01:30', '02:00'),
(203, 3, 1003, 103, 3, 40, 'litros', '03:00', '04:30'),
(204, 4, 1004, 104, 4, 20, 'metros', '04:15', '05:00'),
(205, 5, 1005, 101, 5, 60, 'unidade', '01:45', '02:15');

-------------------------------------------
-- ABAIXO FICARÁ OS DELETES DAS TABELAS ---
-------------------------------------------

-- TABELA ENDERECOS
DELETE FROM ENDERECOS WHERE END_COD = 105;

-- TABELA TIPO_ENDERECO
DELETE FROM TIPO_ENDERECO WHERE TIPO_END_COD = 5;

-- TABELA EMPRE_TEL
DELETE FROM EMPRE_TEL WHERE EMPRE_COD = 1;

-- TABELA EMPRESAS	
DELETE FROM EMPRESAS WHERE EMPRE_COD = 1;

-- TABELA CLIENTES_ENDERECOS	
DELETE FROM CLIENTES_ENDERECOS WHERE CLI_COD = 1 AND CLI_END_COD = 101;

-- TABELA CLI_TEL	
DELETE FROM CLI_TEL WHERE CLI_COD = 1;

-- TABELA CLIENTES	
DELETE FROM CLIENTES WHERE CLI_COD = 1;

-- TABELA QUALIFICACOES
DELETE FROM QUALIFICACOES WHERE FUNC_MATRICULA = 1001;

-- TABELA FUNCIONARIOS
DELETE FROM FUNCIONARIOS WHERE FUNC_MATRICULA = 1001;

-- TABELA CARGOS
DELETE FROM CARGOS WHERE CARGOS_COD = 1;

-- TABELA CARGOS
DELETE FROM FUNC_TEL WHERE FUNC_MATRICULA = 2;

-- TABELA ENCOMENDAS
DELETE FROM ENCOMENDAS WHERE ENCOM_COD = 3;

-- TABELA PAGAMENTOS
DELETE FROM PAGAMENTOS WHERE PAG_ID = 2; 

-- TABELA PRODUTOS
DELETE FROM PRODUTOS WHERE PROD_COD = 3;

-- TABELA FORNECEDORES
DELETE FROM FORNECEDORES WHERE FORN_COD = 3;

-- TABELA TIPO_COMPONENTE
DELETE FROM TIPO_COMPONENTE WHERE TIPO_COMP_COD = 4;

-- TABELA COMPONENTES
DELETE FROM COMPONENTES WHERE COMP_COD = 3;

-- TABELA RS
DELETE FROM RS WHERE COMPONENTES_COMP_COD = 5;

-- DELETE FORNECEDORES_COMPONENTES
DELETE FROM FORNECEDORES_COMPONENETES WHERE COMP_COD = 5 AND FORN_COD = 14;

-- DELETE MAQUINAS
DELETE FROM MAQUINAS WHERE MAQ_ID = 105;

-- DELETE RM
DELETE FROM RM WHERE RM_DATA = '2024-05-18';

-- DELETE RE
DELETE FROM RE WHERE RE_COD = 205;


-------------------------------------------
-- ABAIXO FICARÁ OS UPDATES DAS TABELAS ---
-------------------------------------------

-- UPDATES TABELA TIPO_ENDERECO
UPDATE TIPO_ENDERECO SET TIPO_END_CATEGORIA = 'Residencial' WHERE TIPO_END_COD = 1;
UPDATE TIPO_END_CATEGORIA SET TIPO_END_CATEGORIA = 'Comercial' WHERE TIPO_END_COD = 2;

-- UPDATES ENDERECOS
UPDATE ENDERECOS SET END_LOGRADOURO = 'Rua das Rosas', END_BAIRRO = 'Vila Nova' WHERE END_COD = 101;
UPDATE ENDERECOS SET END_NUM = '321', END_CIDADE = 'Niterói' WHERE END_COD = 102;

-- TABELA EMPRESAS
UPDATE EMPRESAS SET EMPRE_RAZAOSOCIAL = 'Beta Comércio Atualizado S.A.', EMPRE_PCONTATO = 'Maria Clara' WHERE EMPRE_COD = 2;
UPDATE EMPRESAS SET EMPRE_CNPJ = '34.567.890/0001-99', EMPRE_PCONTATO = 'Carlos Souza' WHERE EMPRE_COD = 3;

-- TABELA EMPRE_TEL
UPDATE EMPRE_TEL SET EMPRE_TEL_TELEFONE = '(11) 98765-4321' WHERE EMPRE_COD = 2;
UPDATE EMPRE_TEL SET EMPRE_TEL_TELEFONE = '(41) 91234-5678' WHERE EMPRE_COD = 4;

-- TABELA CLIENTES
UPDATE CLIENTES SET CLI_RAMOATIV = 'Consultoria', CLI_PCONTATO = 'Mariana Santos' WHERE CLI_COD = 2;
UPDATE CLIENTES SET CLI_RAZAOSOCIAL = 'Cliente Gamma Atualizado', CLI_DATACADAS = '2024-11-15' WHERE CLI_COD = 3;

-- TABELA CLI_TEL
UPDATE CLI_TEL SET CLI_TEL_TELEFONE = '(31) 96543-2109' WHERE CLI_COD = 3;
UPDATE CLI_TEL SET CLI_TEL_TELEFONE = '(41) 98765-4321' WHERE CLI_COD = 4;

-- TABELA CLIENTES_ENDERECOS
UPDATE CLIENTES_ENDERECOS SET CLI_END_COD = 103 WHERE CLI_COD = 2 AND CLI_END_COD = 102;
UPDATE CLIENTES_ENDERECOS SET CLI_COD = 5 WHERE CLI_COD = 4 AND CLI_END_COD = 104;

-- TABELA CARGOS
UPDATE CARGOS SET CARGO_SALARIO = 8000.00 WHERE CARGOS_COD = 2;
UPDATE CARGOS SET CARGO_NOME = 'Coordenador de Projetos' WHERE CARGOS_COD = 3;

-- TABELA FUNCIONARIOS
UPDATE FUNCIONARIOS SET FUNC_NOME = 'Maria Clara Silva' WHERE FUNC_MATRICULA = 1002;
UPDATE FUNCIONARIOS SET FUNC_DATAADMISSAO = '2023-06-20' WHERE FUNC_MATRICULA = 1005;

-- TABELA QUALIFICACOES
UPDATE QUALIFICACOES SET QUALIFICACAO_FUNC = 'Certificação em Machine Learning' WHERE FUNC_MATRICULA = 1002;
UPDATE QUALIFICACOES SET QUALIFICACAO_FUNC = 'Certificação ITIL' WHERE FUNC_MATRICULA = 1004;

-- TABELA FUNC_TEL
UPDATE FUNC_TEL SET FUNC_TEL = '111222333' WHERE FUNC_MATRICULA = 1;
UPDATE FUNC_TEL SET FUNC_TEL = '444555666' WHERE FUNC_MATRICULA = 4;

-- TABELA ENCOMENDAS
UPDATE ENCOMENDAS SET ENCOM_DATAINCLU = '2024-10-10' WHERE ENCOM_COD = 1;
UPDATE ENCOMENDAS SET CLI_COD = 2 WHERE ENCOM_COD = 4;

-- TABELA PAGAMENTOS
UPDATE PAGAMENTOS SET PAG_VALORTOTAL = 120.00, PAG_VALORLIQ = 110.00 WHERE PAG_ID = 1;
UPDATE PAGAMENTOS SET PAG_FORMAPAGAMENTO = 'Cheque' WHERE PAG_ID = 4;

-- TABELA PRODUTOS
UPDATE PRODUTOS SET PROD_PRECOUND = 110.00 WHERE PROD_COD = 2;
UPDATE PRODUTOS SET PROD_NOME = 'Produto D+' WHERE PROD_COD = 4;

-- TABELA FORNECEDORES
UPDATE FORNECEDORES SET FORN_PCONTATO = 'Fernanda Souza' WHERE FORN_COD = 2;
UPDATE FORNECEDORES SET FORN_CNPJ = '77.889.990/0001-44' WHERE FORN_COD = 4;

-- TABELA TIPO_COMPONENTE
UPDATE TIPO_COMPONENTE SET TIPO_COMP_NOME = 'Super Capacitor' WHERE TIPO_COMP_COD = 2;
UPDATE TIPO_COMPONENTE SET TIPO_COMP_NOME = 'Diodo Zener' WHERE TIPO_COMP_COD = 5;

-- TABELA COMPONENTES
UPDATE COMPONENTES SET COMP_QTDESTOQUE = 350 WHERE COMP_COD = 2;
UPDATE COMPONENTES SET COMP_PRECOUND = 3.80 WHERE COMP_COD = 4;

-- TABELA RS
UPDATE RS SET RS_QUANTIDADE = 130 WHERE COMPONENTES_COMP_COD = 1;
UPDATE RS SET RS_DATANESC = '2021-07-01' WHERE COMPONENTES_COMP_COD = 2;

-- TABELA FORNECEDORES_COMPONENTES
UPDATE FORNECEDORES_COMPONENETES SET FORN_COD = 15 WHERE COMP_COD = 1 AND FORN_COD = 10;
UPDATE FORNECEDORES_COMPONENETES SET COMP_COD = 6 WHERE COMP_COD = 2 AND FORN_COD = 11;

-- TABELA MAQUINAS
UPDATE MAQUINAS SET MAQ_TEMPOVIDA = '15:00:00' WHERE MAQ_ID = 101;
UPDATE MAQUINAS SET MAQ_FIMGARANTIA = '2028-03-01' WHERE MAQ_ID = 104;

-- TABELA RM
UPDATE RM SET RM_DESCRICAO = 'Atualização de software da máquina' WHERE RM_DATA = '2024-01-15';
UPDATE RM SET MAQ_ID = 105 WHERE RM_DATA = '2024-03-10';

-- TABELA RE
UPDATE RE SET RE_QTDCOMP = 70 WHERE RE_COD = 201;
UPDATE RE SET RE_HRMAOOBRA = '03:30' WHERE RE_COD = 202;
